PARTICIPANT_ID,PORTAL_ID,PARTICIPANT_WINDOW_ID,EMAIL,LAST_NAME,MIDDLE_NAME,FIRST_NAME,COLLEX_OPEN_DATE,COLLEX_CLOSE_DATE,WINDOW_START_DATE,WINDOW_CLOSE_DATE,COHORT,PREVIOUS_COMPLETION
JeY!xXil:SXed,Sug(sZ,"S4TcYyGvty,h",f6m1@jna.com,"CCi,qmUuQldrq3769",,D&/&fK''YSKv0(KY/JFT,&FIx:)nEo,LGauSIS,1901-07-15,1940-06-05,1,NO
N2pYEWYFkP,&DaOX',9FqREYMhO)gz3/1A.:,ookigh6@4sn9lzusi.com,"rySaioWN! v8ydZ&Vr,/g54q,Y4:g",,)jldNh4JzBb3mOTOopt9syCiQ(fFA&mpA!3v:4z,aT8taP/ed,PzcGgnQN,1958-03-19,1948-09-04,3,YES
"f2whZw,d",k':yh,"r.,a/uZC490hN9xQ:",tb4j@p03anp4iw.co.uk,jh8'8wSP8J8ale-'vcUP9S,jf:b7ffD.!iTX&q(RS,3Ksr3tvSi6wqQtejga'f6'LJJKxeoIXgwc,Je.W:lsCz,KMW&tX&64,1928-02-05,2016-03-04,2,NO
mshk8:ftIH 4,I8MtJgG,"D5Dnj0,w2w",1kspnzd7fq@huotl.gov,qYo&(UXAmAKrxs'yy43etPmnx,,"7PyX8zwbiuNXyx,ug:t4lm.qF)O,GrEMF",J4INV0f,XrcE3jXf,1996-04-24,1948-05-15,3,YES
D7eWxy w,",Y9mlF(",h8WxBPOpjr,63hxaak@sj2h.co.uk,pCNyzzcuuIbfBH3Ex2gTvk,3jPWXTbUule(vDdm&U&1z15!'M3Ti/n,Q83lOy!1w2AFEV41Nj7YSh8eigxK&Qe/h:FR: 3-,8UolrMZ8,OPUggp&e2U,1941-02-08,1966-05-28,2,YES
ayC/jQdC,EeQBi:,bV'b6c7C9BDrW6HS9Zf,ibal1@g61y0fridi.com,!k453TA13S4uc(qZZlC6kzGkf2Lt!17,'ATACYXXcGEnCO.JFzf8jQYHfOa5Y:vs-8Rx,ZT AhB7v:T90.i:spx-c(If0ANLuG:q,8/frTjQ,& OpA2e,1988-07-08,1954-12-05,3,NO
ozvu!VaOg,PlSi6e,"2ZG'4E,YT",3w0h@37a.ac.uk,"R3pcpiFSZIoe(bB&()Fhk,8H",fnUpsOqOK4D :L-!,oSbKqoLKP71rHfPIBlZiDP(BvqB'm':0Do,"/g1,ypKe:2",m74kophJZ,1979-11-09,2011-09-05,3,YES
DlGW48nwvo,R2ywWi,tdHp amhq4w)1tbL ),355wbuk6v@wwo4tg6c.com,mJ2'I/v-t81'i OIxjjNav0sh:IjmpRSWE,,Qsvw'MZVpb':Zou'LU v!COz:':,EQuOf iw/N,h5qM cO,1935-01-01,1974-08-26,1,YES
nPPc IU2,o9U(u,m6sQTfOT Z,1r8k4@w1xuv3tu.com,Km/E'ehA.4yIpoX!IOq1RCGR,7)7.iYfnoNo(Wk4d7-ahz/- ZK8y0T,Qju9yL&fopAjajWqK(6Ap7-w2za-6fbre7I,P3SmPcB2,dL'NsjL),1902-08-26,2007-09-04,2,YES
Wr6RP/ I5COYISR,qgjT,/C&7cAkX&IRTUeFccXv,xqsuor1o@gdk3zyxr95.com,"/E-,5v1uvVg&wWwCw8Pk2a6LW-wI&9BP3/ae8T",,-(XOiB(Muzn4l9,TrfmA9RaF,oN 4 x,1948-12-02,1960-11-07,3,YES
